{"mean":{"confidence_interval":{"confidence_level":0.95,"lower_bound":2390972.8900083327,"upper_bound":2399460.254883338},"point_estimate":2395065.844666666,"standard_error":2169.7690485451435},"median":{"confidence_interval":{"confidence_level":0.95,"lower_bound":2372779.666666667,"upper_bound":2378106.6666666665},"point_estimate":2376315.166666667,"standard_error":1828.2311474343724},"median_abs_dev":{"confidence_interval":{"confidence_level":0.95,"lower_bound":12006.094586849213,"upper_bound":18188.53647708893},"point_estimate":15536.65932416939,"standard_error":1757.6775007438102},"slope":null,"std_dev":{"confidence_interval":{"confidence_level":0.95,"lower_bound":56260.492859226986,"upper_bound":80662.34512924979},"point_estimate":68674.81926048217,"standard_error":6239.5115459139415}}