{"mean":{"confidence_interval":{"confidence_level":0.95,"lower_bound":1286038.2047562501,"upper_bound":1291085.90009375},"point_estimate":1288458.47075,"standard_error":1286.3067696059707},"median":{"confidence_interval":{"confidence_level":0.95,"lower_bound":1275398.5,"upper_bound":1278263.625},"point_estimate":1275877.75,"standard_error":589.1619979223351},"median_abs_dev":{"confidence_interval":{"confidence_level":0.95,"lower_bound":14489.07889276743,"upper_bound":17967.124070394773},"point_estimate":15163.661880791187,"standard_error":752.4979378355243},"slope":null,"std_dev":{"confidence_interval":{"confidence_level":0.95,"lower_bound":32103.93516962933,"upper_bound":49459.746092218564},"point_estimate":40547.57247408744,"standard_error":4464.727124518129}}