{"mean":{"confidence_interval":{"confidence_level":0.95,"lower_bound":48064.290405288484,"upper_bound":48345.251627644175},"point_estimate":48200.07439423078,"standard_error":71.8259814646767},"median":{"confidence_interval":{"confidence_level":0.95,"lower_bound":47462.971153846156,"upper_bound":47573.00961538461},"point_estimate":47490.394230769234,"standard_error":31.03777104807594},"median_abs_dev":{"confidence_interval":{"confidence_level":0.95,"lower_bound":564.599373966738,"upper_bound":725.5331063499792},"point_estimate":606.0412507790835,"standard_error":44.07275190120362},"slope":null,"std_dev":{"confidence_interval":{"confidence_level":0.95,"lower_bound":1876.2886737539409,"upper_bound":2652.2703753896135},"point_estimate":2267.6324165131723,"standard_error":197.59843304911564}}