{"mean":{"confidence_interval":{"confidence_level":0.95,"lower_bound":37692.050597180496,"upper_bound":37853.58765789471},"point_estimate":37770.861872180474,"standard_error":41.30744447426707},"median":{"confidence_interval":{"confidence_level":0.95,"lower_bound":37229.92857142857,"upper_bound":37261.28571428571},"point_estimate":37240.31578947368,"standard_error":8.613050411748272},"median_abs_dev":{"confidence_interval":{"confidence_level":0.95,"lower_bound":421.83870830033896,"upper_bound":470.4638071739173},"point_estimate":440.38792902365043,"standard_error":12.811528139329393},"slope":null,"std_dev":{"confidence_interval":{"confidence_level":0.95,"lower_bound":1139.481922275357,"upper_bound":1475.8433061764767},"point_estimate":1306.910967267973,"standard_error":85.88933824989408}}