{"mean":{"confidence_interval":{"confidence_level":0.95,"lower_bound":6091.664797420876,"upper_bound":6146.7068763176585},"point_estimate":6117.978196727031,"standard_error":14.05730329614363},"median":{"confidence_interval":{"confidence_level":0.95,"lower_bound":5979.4283221992855,"upper_bound":5995.732420126171},"point_estimate":5988.2224167948825,"standard_error":4.564737774461223},"median_abs_dev":{"confidence_interval":{"confidence_level":0.95,"lower_bound":81.60557534856446,"upper_bound":107.33608635640795},"point_estimate":95.95497439371916,"standard_error":6.494297444445486},"slope":{"confidence_interval":{"confidence_level":0.95,"lower_bound":6027.400411925779,"upper_bound":6055.248818111474},"point_estimate":6040.710838811863,"standard_error":7.129058793901685},"std_dev":{"confidence_interval":{"confidence_level":0.95,"lower_bound":352.9329096032111,"upper_bound":532.3917543751046},"point_estimate":444.5527866499401,"standard_error":45.81995620077235}}