{"mean":{"confidence_interval":{"confidence_level":0.95,"lower_bound":81924.91120403231,"upper_bound":83065.5497991935},"point_estimate":82479.87332258068,"standard_error":291.3613533936086},"median":{"confidence_interval":{"confidence_level":0.95,"lower_bound":79997.46774193548,"upper_bound":80695.4193548387},"point_estimate":80317.05645161291,"standard_error":176.83918181613942},"median_abs_dev":{"confidence_interval":{"confidence_level":0.95,"lower_bound":4513.943010184068,"upper_bound":5379.340799578252},"point_estimate":4903.257024240112,"standard_error":224.85321453642246},"slope":null,"std_dev":{"confidence_interval":{"confidence_level":0.95,"lower_bound":7977.924259619606,"upper_bound":10492.677811448408},"point_estimate":9243.826969162585,"standard_error":641.8931890447026}}