{"mean":{"confidence_interval":{"confidence_level":0.95,"lower_bound":643406.483084375,"upper_bound":646028.9177125},"point_estimate":644680.181625,"standard_error":669.7249432963795},"median":{"confidence_interval":{"confidence_level":0.95,"lower_bound":636649.25,"upper_bound":637242.375},"point_estimate":636918.4375,"standard_error":168.34617238483946},"median_abs_dev":{"confidence_interval":{"confidence_level":0.95,"lower_bound":6811.061962516978,"upper_bound":7688.392813503742},"point_estimate":7217.66732186079,"standard_error":241.27522736045705},"slope":null,"std_dev":{"confidence_interval":{"confidence_level":0.95,"lower_bound":18055.35910966598,"upper_bound":24245.945888944676},"point_estimate":21165.615569080488,"standard_error":1577.85337835771}}