{"mean":{"confidence_interval":{"confidence_level":0.95,"lower_bound":268319.0760342108,"upper_bound":270150.3922434212},"point_estimate":269189.625263158,"standard_error":468.10526180277583},"median":{"confidence_interval":{"confidence_level":0.95,"lower_bound":264402.5263157895,"upper_bound":264896.60526315786},"point_estimate":264568.34210526315,"standard_error":140.93361744981613},"median_abs_dev":{"confidence_interval":{"confidence_level":0.95,"lower_bound":3042.177123227393,"upper_bound":3750.3926965751125},"point_estimate":3284.4661469522093,"standard_error":190.44081578996665},"slope":null,"std_dev":{"confidence_interval":{"confidence_level":0.95,"lower_bound":11630.3640410652,"upper_bound":18008.181377942114},"point_estimate":14830.511264412622,"standard_error":1636.187390802389}}