{"mean":{"confidence_interval":{"confidence_level":0.95,"lower_bound":8527.57667066851,"upper_bound":8608.608564371309},"point_estimate":8565.873539294409,"standard_error":20.745531006158757},"median":{"confidence_interval":{"confidence_level":0.95,"lower_bound":8413.247178289,"upper_bound":8430.395677554769},"point_estimate":8420.758844842285,"standard_error":3.865441848190951},"median_abs_dev":{"confidence_interval":{"confidence_level":0.95,"lower_bound":91.99601309979373,"upper_bound":115.94319563203823},"point_estimate":102.56656118344385,"standard_error":6.446217153158172},"slope":{"confidence_interval":{"confidence_level":0.95,"lower_bound":8462.383708726475,"upper_bound":8490.630778829956},"point_estimate":8475.990638722596,"standard_error":7.166936915782118},"std_dev":{"confidence_interval":{"confidence_level":0.95,"lower_bound":472.9828109311166,"upper_bound":829.6062687305238},"point_estimate":658.0311037969948,"standard_error":91.35335725236504}}