{"mean":{"confidence_interval":{"confidence_level":0.95,"lower_bound":2384613.49863333,"upper_bound":2392247.290633334},"point_estimate":2388266.7556666676,"standard_error":1949.8768718451283},"median":{"confidence_interval":{"confidence_level":0.95,"lower_bound":2371926.333333333,"upper_bound":2373418.0},"point_estimate":2372896.833333333,"standard_error":429.2328346180904},"median_abs_dev":{"confidence_interval":{"confidence_level":0.95,"lower_bound":16311.07071042106,"upper_bound":18381.768673658255},"point_estimate":17734.119585156095,"standard_error":598.3854069259095},"slope":null,"std_dev":{"confidence_interval":{"confidence_level":0.95,"lower_bound":48012.18082736045,"upper_bound":76316.42108491901},"point_estimate":61675.902200544384,"standard_error":7291.205333669867}}