{"mean":{"confidence_interval":{"confidence_level":0.95,"lower_bound":2580048.2128875004,"upper_bound":2589028.514},"point_estimate":2584389.685,"standard_error":2290.7382327288465},"median":{"confidence_interval":{"confidence_level":0.95,"lower_bound":2557336.25,"upper_bound":2559783.5},"point_estimate":2558022.25,"standard_error":644.2284358192924},"median_abs_dev":{"confidence_interval":{"confidence_level":0.95,"lower_bound":21374.625288024545,"upper_bound":27004.817220568657},"point_estimate":24042.211823165417,"standard_error":1354.569960281306},"slope":null,"std_dev":{"confidence_interval":{"confidence_level":0.95,"lower_bound":61614.63927226753,"upper_bound":83005.55979553127},"point_estimate":72448.7573295178,"standard_error":5473.159200117928}}