{"mean":{"confidence_interval":{"confidence_level":0.95,"lower_bound":5478.516170711397,"upper_bound":5533.6210049411},"point_estimate":5504.099111152715,"standard_error":14.100179823325071},"median":{"confidence_interval":{"confidence_level":0.95,"lower_bound":5397.321002373852,"upper_bound":5414.462438541792},"point_estimate":5405.444420613132,"standard_error":4.407383330041431},"median_abs_dev":{"confidence_interval":{"confidence_level":0.95,"lower_bound":73.58659552949177,"upper_bound":92.8191878597897},"point_estimate":82.64810694721855,"standard_error":4.920828434116289},"slope":{"confidence_interval":{"confidence_level":0.95,"lower_bound":5448.82598920621,"upper_bound":5470.910582998211},"point_estimate":5459.54004268595,"standard_error":5.639991378425615},"std_dev":{"confidence_interval":{"confidence_level":0.95,"lower_bound":296.2737739963221,"upper_bound":603.6262341717622},"point_estimate":446.28592688935095,"standard_error":80.27409723594523}}