{"mean":{"confidence_interval":{"confidence_level":0.95,"lower_bound":2387175.169391667,"upper_bound":2409670.3763083383},"point_estimate":2397704.037000002,"standard_error":5764.885282538403},"median":{"confidence_interval":{"confidence_level":0.95,"lower_bound":2332859.833333333,"upper_bound":2338473.666666667},"point_estimate":2336655.333333333,"standard_error":1501.6828271908587},"median_abs_dev":{"confidence_interval":{"confidence_level":0.95,"lower_bound":19940.716368481062,"upper_bound":29056.278449147703},"point_estimate":23444.6004837756,"standard_error":2383.306051930989},"slope":null,"std_dev":{"confidence_interval":{"confidence_level":0.95,"lower_bound":132844.22432792454,"upper_bound":245273.16466638842},"point_estimate":182497.25344631408,"standard_error":31737.856606035202}}