{"mean":{"confidence_interval":{"confidence_level":0.95,"lower_bound":-0.013549859832928501,"upper_bound":0.0028724175301670356},"point_estimate":-0.005044464388427428,"standard_error":0.0041769183528758734},"median":{"confidence_interval":{"confidence_level":0.95,"lower_bound":-0.015436887537549461,"upper_bound":-0.008088945862454677},"point_estimate":-0.010781532078868561,"standard_error":0.0018670357771119511}}