{"mean":{"confidence_interval":{"confidence_level":0.95,"lower_bound":1180392.4283449987,"upper_bound":1189681.5620699993},"point_estimate":1184335.1247999978,"standard_error":2395.3126800715513},"median":{"confidence_interval":{"confidence_level":0.95,"lower_bound":1165959.0,"upper_bound":1169034.0},"point_estimate":1166477.2,"standard_error":929.2956776878517},"median_abs_dev":{"confidence_interval":{"confidence_level":0.95,"lower_bound":6395.636059954829,"upper_bound":9243.417795896668},"point_estimate":8526.580708622898,"standard_error":814.6405593096941},"slope":null,"std_dev":{"confidence_interval":{"confidence_level":0.95,"lower_bound":36454.66621641888,"upper_bound":119082.61202229612},"point_estimate":75995.05808587541,"standard_error":26390.720791423504}}