{"mean":{"confidence_interval":{"confidence_level":0.95,"lower_bound":598959.5355416667,"upper_bound":601970.2818472221},"point_estimate":600412.2914444442,"standard_error":771.1660013712008},"median":{"confidence_interval":{"confidence_level":0.95,"lower_bound":591677.8888888889,"upper_bound":593166.7777777778},"point_estimate":592591.0,"standard_error":492.4244594975898},"median_abs_dev":{"confidence_interval":{"confidence_level":0.95,"lower_bound":3468.291420092243,"upper_bound":5184.405007958297},"point_estimate":3753.1194667021336,"standard_error":521.3434540674696},"slope":null,"std_dev":{"confidence_interval":{"confidence_level":0.95,"lower_bound":20215.702764977403,"upper_bound":28270.906272394423},"point_estimate":24360.565830101008,"standard_error":2063.2977400080363}}