{"mean":{"confidence_interval":{"confidence_level":0.95,"lower_bound":80550.50334637107,"upper_bound":81014.40290443538},"point_estimate":80768.08743548382,"standard_error":118.6366611593859},"median":{"confidence_interval":{"confidence_level":0.95,"lower_bound":79922.39516129033,"upper_bound":79963.23387096774},"point_estimate":79944.84677419355,"standard_error":10.152990382077773},"median_abs_dev":{"confidence_interval":{"confidence_level":0.95,"lower_bound":868.8872797354659,"upper_bound":926.7325916117314},"point_estimate":899.1251453276624,"standard_error":14.558525187821772},"slope":null,"std_dev":{"confidence_interval":{"confidence_level":0.95,"lower_bound":2709.849040804755,"upper_bound":4828.687681292368},"point_estimate":3759.229594638371,"standard_error":547.3098469548107}}