{"mean":{"confidence_interval":{"confidence_level":0.95,"lower_bound":5153041.149375,"upper_bound":5170490.981450001},"point_estimate":5161451.823,"standard_error":4451.868244426001},"median":{"confidence_interval":{"confidence_level":0.95,"lower_bound":5113869.0,"upper_bound":5116192.0},"point_estimate":5114792.5,"standard_error":566.6568649568153},"median_abs_dev":{"confidence_interval":{"confidence_level":0.95,"lower_bound":49012.53122985363,"upper_bound":55352.14724980294},"point_estimate":52624.14476573467,"standard_error":1738.405050431644},"slope":null,"std_dev":{"confidence_interval":{"confidence_level":0.95,"lower_bound":115534.98243672647,"upper_bound":164798.91849466864},"point_estimate":139864.50273472868,"standard_error":12581.426644705112}}