{"mean":{"confidence_interval":{"confidence_level":0.95,"lower_bound":-0.014787913863047857,"upper_bound":0.006577041918639037},"point_estimate":-0.0033278576613984256,"standard_error":0.005472929109750253},"median":{"confidence_interval":{"confidence_level":0.95,"lower_bound":-0.010117425230693144,"upper_bound":-0.0054208976286448385},"point_estimate":-0.0072599408304931945,"standard_error":0.0012456306562863917}}