{"mean":{"confidence_interval":{"confidence_level":0.95,"lower_bound":163958.8834158335,"upper_bound":165896.53092416652},"point_estimate":164898.02306666653,"standard_error":493.53071964502},"median":{"confidence_interval":{"confidence_level":0.95,"lower_bound":161317.08333333334,"upper_bound":162818.43333333335},"point_estimate":162237.46666666667,"standard_error":400.9611535655773},"median_abs_dev":{"confidence_interval":{"confidence_level":0.95,"lower_bound":9430.077132582664,"upper_bound":11071.986797682936},"point_estimate":10258.208057880422,"standard_error":423.19198931564796},"slope":null,"std_dev":{"confidence_interval":{"confidence_level":0.95,"lower_bound":12917.314491879084,"upper_bound":18423.715057768637},"point_estimate":15579.030432615982,"standard_error":1415.2063404973374}}