{"mean":{"confidence_interval":{"confidence_level":0.95,"lower_bound":333935.55645937496,"upper_bound":336484.0074203125},"point_estimate":335191.2085,"standard_error":650.3528021665929},"median":{"confidence_interval":{"confidence_level":0.95,"lower_bound":325515.3125,"upper_bound":327323.375},"point_estimate":326590.71875,"standard_error":448.3260242566682},"median_abs_dev":{"confidence_interval":{"confidence_level":0.95,"lower_bound":8596.714637065306,"upper_bound":12056.787923136724},"point_estimate":10167.114644497633,"standard_error":771.5630010089551},"slope":null,"std_dev":{"confidence_interval":{"confidence_level":0.95,"lower_bound":18777.339401586447,"upper_bound":22528.933925585312},"point_estimate":20629.744569795424,"standard_error":955.9576523676435}}