{"mean":{"confidence_interval":{"confidence_level":0.95,"lower_bound":-0.007297202086377563,"upper_bound":0.007224160082401098},"point_estimate":0.00007195414734906258,"standard_error":0.003710946527531723},"median":{"confidence_interval":{"confidence_level":0.95,"lower_bound":0.0023714255484669437,"upper_bound":0.006124409551718557},"point_estimate":0.004052038425950588,"standard_error":0.0009723347700925011}}