{"mean":{"confidence_interval":{"confidence_level":0.95,"lower_bound":2388485.843699996,"upper_bound":2396237.079475001},"point_estimate":2392271.1190000004,"standard_error":1974.8432932294213},"median":{"confidence_interval":{"confidence_level":0.95,"lower_bound":2371172.5,"upper_bound":2373846.5},"point_estimate":2372731.333333333,"standard_error":688.8498536409944},"median_abs_dev":{"confidence_interval":{"confidence_level":0.95,"lower_bound":15982.921916246636,"upper_bound":19320.507734492414},"point_estimate":17845.314583182335,"standard_error":852.1062672695842},"slope":null,"std_dev":{"confidence_interval":{"confidence_level":0.95,"lower_bound":53137.27691800853,"upper_bound":71559.90951325808},"point_estimate":62470.25614671612,"standard_error":4700.630600725738}}