{"mean":{"confidence_interval":{"confidence_level":0.95,"lower_bound":37351.63247682481,"upper_bound":37980.746161678835},"point_estimate":37659.6516788321,"standard_error":160.31778553987007},"median":{"confidence_interval":{"confidence_level":0.95,"lower_bound":36030.7299270073,"upper_bound":36444.916058394156},"point_estimate":36249.74817518248,"standard_error":113.90890411987311},"median_abs_dev":{"confidence_interval":{"confidence_level":0.95,"lower_bound":2767.1133631549415,"upper_bound":3300.1825895122315},"point_estimate":3093.704570623209,"standard_error":133.44126094012466},"slope":null,"std_dev":{"confidence_interval":{"confidence_level":0.95,"lower_bound":4553.411464221787,"upper_bound":5579.861138964361},"point_estimate":5068.942428010268,"standard_error":261.96731213889876}}