{"mean":{"confidence_interval":{"confidence_level":0.95,"lower_bound":1081691.7277049983,"upper_bound":1090375.154564999},"point_estimate":1085854.539600001,"standard_error":2223.3575621175305},"median":{"confidence_interval":{"confidence_level":0.95,"lower_bound":1062987.6,"upper_bound":1066282.4},"point_estimate":1064943.5,"standard_error":765.6492186205354},"median_abs_dev":{"confidence_interval":{"confidence_level":0.95,"lower_bound":12438.12421917936,"upper_bound":16210.896372199028},"point_estimate":13564.603679180076,"standard_error":957.1131709960943},"slope":null,"std_dev":{"confidence_interval":{"confidence_level":0.95,"lower_bound":55971.501002341975,"upper_bound":84700.99809232667},"point_estimate":70420.75839580226,"standard_error":7339.59095070964}}