{"mean":{"confidence_interval":{"confidence_level":0.95,"lower_bound":3075882.59325,"upper_bound":3090438.0564125003},"point_estimate":3082969.0505,"standard_error":3728.0690924309833},"median":{"confidence_interval":{"confidence_level":0.95,"lower_bound":3037601.25,"upper_bound":3047598.75},"point_estimate":3043630.0,"standard_error":3017.569735641021},"median_abs_dev":{"confidence_interval":{"confidence_level":0.95,"lower_bound":19640.372501313686,"upper_bound":34155.804608613245},"point_estimate":27088.954769074917,"standard_error":3566.336162303625},"slope":null,"std_dev":{"confidence_interval":{"confidence_level":0.95,"lower_bound":101277.79373948139,"upper_bound":134039.53568243852},"point_estimate":117764.88002321232,"standard_error":8370.320646710981}}