{"mean":{"confidence_interval":{"confidence_level":0.95,"lower_bound":10562.452365477962,"upper_bound":10647.021271499818},"point_estimate":10602.372317340702,"standard_error":21.59411523400629},"median":{"confidence_interval":{"confidence_level":0.95,"lower_bound":10416.291591142559,"upper_bound":10440.271028037383},"point_estimate":10425.390400883249,"standard_error":5.632515462058545},"median_abs_dev":{"confidence_interval":{"confidence_level":0.95,"lower_bound":131.81963564586354,"upper_bound":162.73096664316927},"point_estimate":144.84003526852464,"standard_error":7.45947584591677},"slope":{"confidence_interval":{"confidence_level":0.95,"lower_bound":10498.94289497445,"upper_bound":10546.848018642371},"point_estimate":10521.685053737867,"standard_error":12.243883772763672},"std_dev":{"confidence_interval":{"confidence_level":0.95,"lower_bound":512.8170090682894,"upper_bound":849.0397376110515},"point_estimate":684.8061970762192,"standard_error":85.9991307319311}}