{"mean":{"confidence_interval":{"confidence_level":0.95,"lower_bound":297279.31000441144,"upper_bound":298212.967388235},"point_estimate":297723.05370588216,"standard_error":239.4819400443256},"median":{"confidence_interval":{"confidence_level":0.95,"lower_bound":295314.76470588235,"upper_bound":295458.6176470588},"point_estimate":295373.5,"standard_error":38.1550708556504},"median_abs_dev":{"confidence_interval":{"confidence_level":0.95,"lower_bound":1618.999171257018,"upper_bound":2890.2425270703093},"point_estimate":2279.061400715058,"standard_error":387.0194259038093},"slope":null,"std_dev":{"confidence_interval":{"confidence_level":0.95,"lower_bound":5912.870540370929,"upper_bound":9184.653125083429},"point_estimate":7558.422546635078,"standard_error":836.715712545143}}