{"mean":{"confidence_interval":{"confidence_level":0.95,"lower_bound":3066607.9024,"upper_bound":3081449.0174375},"point_estimate":3073766.565,"standard_error":3797.0951742433886},"median":{"confidence_interval":{"confidence_level":0.95,"lower_bound":3031462.25,"upper_bound":3040338.75},"point_estimate":3034521.0,"standard_error":3158.3845160727064},"median_abs_dev":{"confidence_interval":{"confidence_level":0.95,"lower_bound":17273.0309933424,"upper_bound":31822.933550029986},"point_estimate":23420.63178420067,"standard_error":3717.5949350556853},"slope":null,"std_dev":{"confidence_interval":{"confidence_level":0.95,"lower_bound":98352.69992607206,"upper_bound":142775.6222432723},"point_estimate":120397.57459488997,"standard_error":11357.914877473195}}