{"mean":{"confidence_interval":{"confidence_level":0.95,"lower_bound":297296.93469852925,"upper_bound":298264.64577352966},"point_estimate":297765.5341176471,"standard_error":246.48465990394573},"median":{"confidence_interval":{"confidence_level":0.95,"lower_bound":295277.4117647059,"upper_bound":295412.6470588235},"point_estimate":295323.64705882355,"standard_error":37.04019940757116},"median_abs_dev":{"confidence_interval":{"confidence_level":0.95,"lower_bound":2944.1819124361796,"upper_bound":3227.5765368167195},"point_estimate":3119.346738738096,"standard_error":73.86168647120147},"slope":null,"std_dev":{"confidence_interval":{"confidence_level":0.95,"lower_bound":6427.641281121217,"upper_bound":9163.119341896865},"point_estimate":7809.6698779107555,"standard_error":698.6889442578878}}