{"mean":{"confidence_interval":{"confidence_level":0.95,"lower_bound":2413687.2939666663,"upper_bound":2428321.1342083337},"point_estimate":2420763.856333334,"standard_error":3741.7675783607956},"median":{"confidence_interval":{"confidence_level":0.95,"lower_bound":2378962.6666666665,"upper_bound":2385455.0},"point_estimate":2383228.0,"standard_error":1723.0284751659174},"median_abs_dev":{"confidence_interval":{"confidence_level":0.95,"lower_bound":27922.53424927526,"upper_bound":36653.57784926891},"point_estimate":33628.08550298237,"standard_error":2341.1700389568855},"slope":null,"std_dev":{"confidence_interval":{"confidence_level":0.95,"lower_bound":99338.58787004116,"upper_bound":137256.64486084867},"point_estimate":118394.55378419095,"standard_error":9706.94529537866}}