{"mean":{"confidence_interval":{"confidence_level":0.95,"lower_bound":-0.015011963638471697,"upper_bound":0.00041122796981098826},"point_estimate":-0.007448944784672729,"standard_error":0.0039365162464339715},"median":{"confidence_interval":{"confidence_level":0.95,"lower_bound":-0.0021438713085826233,"upper_bound":0.000701377273184038},"point_estimate":-0.0005155839680148766,"standard_error":0.0007341064351060609}}