{"mean":{"confidence_interval":{"confidence_level":0.95,"lower_bound":38935.184201626034,"upper_bound":39281.2480912602},"point_estimate":39105.07469105694,"standard_error":88.44746216518803},"median":{"confidence_interval":{"confidence_level":0.95,"lower_bound":37966.28048780488,"upper_bound":38157.439024390245},"point_estimate":38036.19512195123,"standard_error":51.85100871451541},"median_abs_dev":{"confidence_interval":{"confidence_level":0.95,"lower_bound":1039.8686514776716,"upper_bound":1302.4221904139713},"point_estimate":1140.9450553539443,"standard_error":70.66069925169576},"slope":null,"std_dev":{"confidence_interval":{"confidence_level":0.95,"lower_bound":2540.6842808707706,"upper_bound":3050.2085429466297},"point_estimate":2801.456272722571,"standard_error":130.36784846476905}}