{"mean":{"confidence_interval":{"confidence_level":0.95,"lower_bound":66854.40021566662,"upper_bound":67215.95746233326},"point_estimate":67028.27354666666,"standard_error":92.3079650649145},"median":{"confidence_interval":{"confidence_level":0.95,"lower_bound":66189.90666666666,"upper_bound":66296.30666666667},"point_estimate":66242.34666666668,"standard_error":26.36933447105914},"median_abs_dev":{"confidence_interval":{"confidence_level":0.95,"lower_bound":771.3075632065506,"upper_bound":893.6425703346634},"point_estimate":835.4549691676898,"standard_error":32.745497850683805},"slope":null,"std_dev":{"confidence_interval":{"confidence_level":0.95,"lower_bound":2341.2612571001796,"upper_bound":3530.476447248991},"point_estimate":2931.678405506403,"standard_error":304.39485801632156}}