{"mean":{"confidence_interval":{"confidence_level":0.95,"lower_bound":294500.50949117617,"upper_bound":295722.1611691179},"point_estimate":295091.6845882351,"standard_error":311.2421874602684},"median":{"confidence_interval":{"confidence_level":0.95,"lower_bound":291633.9117647059,"upper_bound":291920.64705882355},"point_estimate":291778.3235294118,"standard_error":78.60887969939863},"median_abs_dev":{"confidence_interval":{"confidence_level":0.95,"lower_bound":3025.681305106933,"upper_bound":3510.754221936367},"point_estimate":3305.6746707243,"standard_error":126.4372496789581},"slope":null,"std_dev":{"confidence_interval":{"confidence_level":0.95,"lower_bound":8098.475714639739,"upper_bound":11429.942476391034},"point_estimate":9799.294321399639,"standard_error":848.8926640795497}}