{"mean":{"confidence_interval":{"confidence_level":0.95,"lower_bound":3040098.30275,"upper_bound":3052805.5895},"point_estimate":3046223.369,"standard_error":3247.733490866589},"median":{"confidence_interval":{"confidence_level":0.95,"lower_bound":3011179.25,"upper_bound":3013565.5},"point_estimate":3012008.5,"standard_error":581.0874871382797},"median_abs_dev":{"confidence_interval":{"confidence_level":0.95,"lower_bound":27653.82535904646,"upper_bound":31081.642829440523},"point_estimate":28835.457538068295,"standard_error":861.7976103868067},"slope":null,"std_dev":{"confidence_interval":{"confidence_level":0.95,"lower_bound":84203.3572591527,"upper_bound":120850.41048658549},"point_estimate":102722.45927707458,"standard_error":9374.328499025516}}