{"mean":{"confidence_interval":{"confidence_level":0.95,"lower_bound":80337.04836733872,"upper_bound":80965.22591653242},"point_estimate":80647.49967741931,"standard_error":160.07456285339478},"median":{"confidence_interval":{"confidence_level":0.95,"lower_bound":79277.12096774194,"upper_bound":79829.10483870968},"point_estimate":79562.96774193548,"standard_error":124.67101677117192},"median_abs_dev":{"confidence_interval":{"confidence_level":0.95,"lower_bound":3268.735389952218,"upper_bound":3933.983976367503},"point_estimate":3661.9501962777126,"standard_error":171.99605451523703},"slope":null,"std_dev":{"confidence_interval":{"confidence_level":0.95,"lower_bound":4708.027649086466,"upper_bound":5405.159264559487},"point_estimate":5061.452106129539,"standard_error":178.37695387257696}}