{"mean":{"confidence_interval":{"confidence_level":0.95,"lower_bound":2423014.227125002,"upper_bound":2438011.2886833334},"point_estimate":2430361.2053333344,"standard_error":3807.716635924888},"median":{"confidence_interval":{"confidence_level":0.95,"lower_bound":2378746.333333333,"upper_bound":2383116.6666666665},"point_estimate":2380065.666666667,"standard_error":1107.2588910293073},"median_abs_dev":{"confidence_interval":{"confidence_level":0.95,"lower_bound":21855.500411986843,"upper_bound":31239.616945386508},"point_estimate":27245.986816286466,"standard_error":2645.695387134273},"slope":null,"std_dev":{"confidence_interval":{"confidence_level":0.95,"lower_bound":108961.80036243092,"upper_bound":132291.50088116265},"point_estimate":120868.4157091094,"standard_error":5939.693081975641}}