{"mean":{"confidence_interval":{"confidence_level":0.95,"lower_bound":159138.55298984377,"upper_bound":159716.662253125},"point_estimate":159419.09621875,"standard_error":147.70664546360265},"median":{"confidence_interval":{"confidence_level":0.95,"lower_bound":157921.109375,"upper_bound":157974.84921875},"point_estimate":157948.59375,"standard_error":13.629540381268196},"median_abs_dev":{"confidence_interval":{"confidence_level":0.95,"lower_bound":1667.78597664088,"upper_bound":1750.8579064160585},"point_estimate":1713.0284414626658,"standard_error":22.045667727150857},"slope":null,"std_dev":{"confidence_interval":{"confidence_level":0.95,"lower_bound":3809.480491773715,"upper_bound":5548.909827587617},"point_estimate":4676.1605504898525,"standard_error":444.0228303991556}}