{"mean":{"confidence_interval":{"confidence_level":0.95,"lower_bound":100062.45478599996,"upper_bound":101241.08907800002},"point_estimate":100633.65057999999,"standard_error":300.993802686807},"median":{"confidence_interval":{"confidence_level":0.95,"lower_bound":97223.06,"upper_bound":98105.56},"point_estimate":97597.62,"standard_error":214.927566851544},"median_abs_dev":{"confidence_interval":{"confidence_level":0.95,"lower_bound":3901.0467027425675,"upper_bound":4765.120793402193},"point_estimate":4289.324809849263,"standard_error":221.32972079204072},"slope":null,"std_dev":{"confidence_interval":{"confidence_level":0.95,"lower_bound":8083.1297605237705,"upper_bound":10993.360458000934},"point_estimate":9525.616427325273,"standard_error":747.1556288770357}}