{"mean":{"confidence_interval":{"confidence_level":0.95,"lower_bound":1198179.2367999987,"upper_bound":1203546.308125001},"point_estimate":1200770.320000001,"standard_error":1370.8887949063317},"median":{"confidence_interval":{"confidence_level":0.95,"lower_bound":1185829.7000000002,"upper_bound":1188241.0},"point_estimate":1187242.8,"standard_error":562.3710124042954},"median_abs_dev":{"confidence_interval":{"confidence_level":0.95,"lower_bound":8716.205245256424,"upper_bound":11741.747011542078},"point_estimate":10496.214773655076,"standard_error":712.0672090112924},"slope":null,"std_dev":{"confidence_interval":{"confidence_level":0.95,"lower_bound":35650.225779881766,"upper_bound":52392.62567928763},"point_estimate":43480.11272452884,"standard_error":4331.943958053533}}