{"mean":{"confidence_interval":{"confidence_level":0.95,"lower_bound":36951.00761288461,"upper_bound":37088.682555769235},"point_estimate":37017.244823076966,"standard_error":35.09006914901517},"median":{"confidence_interval":{"confidence_level":0.95,"lower_bound":36616.80769230769,"upper_bound":36639.7923076923},"point_estimate":36627.092307692306,"standard_error":6.135265230624459},"median_abs_dev":{"confidence_interval":{"confidence_level":0.95,"lower_bound":409.69369349570655,"upper_bound":447.34603051956464},"point_estimate":426.7378908854247,"standard_error":9.513916483654572},"slope":null,"std_dev":{"confidence_interval":{"confidence_level":0.95,"lower_bound":940.8335088141727,"upper_bound":1277.6802758489207},"point_estimate":1109.81728127663,"standard_error":86.022262992608}}