{"mean":{"confidence_interval":{"confidence_level":0.95,"lower_bound":43366.97330135141,"upper_bound":43924.39673693696},"point_estimate":43639.92211711712,"standard_error":142.51441582323292},"median":{"confidence_interval":{"confidence_level":0.95,"lower_bound":42074.882882882885,"upper_bound":42599.82432432432},"point_estimate":42365.32882882883,"standard_error":140.90103070356471},"median_abs_dev":{"confidence_interval":{"confidence_level":0.95,"lower_bound":2781.1610393407304,"upper_bound":3311.1666547285577},"point_estimate":3031.0888272685042,"standard_error":138.03988688702222},"slope":null,"std_dev":{"confidence_interval":{"confidence_level":0.95,"lower_bound":4068.3220402759125,"upper_bound":4886.766893071267},"point_estimate":4474.767237064553,"standard_error":208.99684886554434}}