{"mean":{"confidence_interval":{"confidence_level":0.95,"lower_bound":2900.935544628771,"upper_bound":2935.482791481909},"point_estimate":2917.84355280378,"standard_error":8.80692272250165},"median":{"confidence_interval":{"confidence_level":0.95,"lower_bound":2826.6159578696343,"upper_bound":2857.5320516818847},"point_estimate":2838.2960257058767,"standard_error":8.867016793444112},"median_abs_dev":{"confidence_interval":{"confidence_level":0.95,"lower_bound":174.3001021621181,"upper_bound":205.70793394814885},"point_estimate":189.2920826421356,"standard_error":8.753645646411313},"slope":{"confidence_interval":{"confidence_level":0.95,"lower_bound":2808.9105198918314,"upper_bound":2832.3526190214056},"point_estimate":2820.3019968367466,"standard_error":5.9769135428243905},"std_dev":{"confidence_interval":{"confidence_level":0.95,"lower_bound":246.63719867463547,"upper_bound":311.4725491785276},"point_estimate":278.35076320914453,"standard_error":16.509065153805807}}