{"mean":{"confidence_interval":{"confidence_level":0.95,"lower_bound":150392.2903075758,"upper_bound":151079.32496515146},"point_estimate":150723.81251515154,"standard_error":175.1781617154975},"median":{"confidence_interval":{"confidence_level":0.95,"lower_bound":149192.86363636365,"upper_bound":149388.36363636365},"point_estimate":149231.07575757575,"standard_error":52.35242766929112},"median_abs_dev":{"confidence_interval":{"confidence_level":0.95,"lower_bound":1699.0371061996968,"upper_bound":1971.9702831723505},"point_estimate":1754.2077961293003,"standard_error":71.86395058639863},"slope":null,"std_dev":{"confidence_interval":{"confidence_level":0.95,"lower_bound":4541.029808853151,"upper_bound":6482.9919048273005},"point_estimate":5523.63852898697,"standard_error":497.76169534382285}}