{"mean":{"confidence_interval":{"confidence_level":0.95,"lower_bound":9433.473735636417,"upper_bound":9509.649770944126},"point_estimate":9469.641116500059,"standard_error":19.457912194433433},"median":{"confidence_interval":{"confidence_level":0.95,"lower_bound":9314.565958767715,"upper_bound":9331.21173762946},"point_estimate":9322.536499268517,"standard_error":4.404278455780236},"median_abs_dev":{"confidence_interval":{"confidence_level":0.95,"lower_bound":106.58391127114818,"upper_bound":132.59784540371606},"point_estimate":118.04381489072752,"standard_error":6.676439661374856},"slope":{"confidence_interval":{"confidence_level":0.95,"lower_bound":9369.350813854458,"upper_bound":9397.714162804892},"point_estimate":9383.043273796668,"standard_error":7.241345541565742},"std_dev":{"confidence_interval":{"confidence_level":0.95,"lower_bound":465.9297892847443,"upper_bound":756.8997615571612},"point_estimate":617.1785835707678,"standard_error":74.16331537169907}}