{"mean":{"confidence_interval":{"confidence_level":0.95,"lower_bound":644078.0522,"upper_bound":646265.6876375},"point_estimate":645144.650625,"standard_error":557.8731126416046},"median":{"confidence_interval":{"confidence_level":0.95,"lower_bound":639313.125,"upper_bound":639584.0},"point_estimate":639405.625,"standard_error":70.41625646149878},"median_abs_dev":{"confidence_interval":{"confidence_level":0.95,"lower_bound":6700.5179185420275,"upper_bound":7140.850110724568},"point_estimate":6859.063453227282,"standard_error":108.75436668790253},"slope":null,"std_dev":{"confidence_interval":{"confidence_level":0.95,"lower_bound":15183.401439946072,"upper_bound":20176.069286541453},"point_estimate":17717.786040505445,"standard_error":1274.299309148929}}