{"mean":{"confidence_interval":{"confidence_level":0.95,"lower_bound":2349675.3007083344,"upper_bound":2355972.999908335},"point_estimate":2352713.1673333356,"standard_error":1606.4860243549442},"median":{"confidence_interval":{"confidence_level":0.95,"lower_bound":2337293.833333333,"upper_bound":2339262.5},"point_estimate":2338565.333333333,"standard_error":476.5809156988773},"median_abs_dev":{"confidence_interval":{"confidence_level":0.95,"lower_bound":16213.44150215342,"upper_bound":18944.66246366501},"point_estimate":17931.552481651077,"standard_error":649.2073536655345},"slope":null,"std_dev":{"confidence_interval":{"confidence_level":0.95,"lower_bound":42778.461453163065,"upper_bound":58540.496950249646},"point_estimate":50704.79529738051,"standard_error":4032.7472013947136}}