{"mean":{"confidence_interval":{"confidence_level":0.95,"lower_bound":-0.0062285708824132285,"upper_bound":0.007458200762050156},"point_estimate":0.00027292393493438816,"standard_error":0.0035005459275043414},"median":{"confidence_interval":{"confidence_level":0.95,"lower_bound":-0.002916485845688488,"upper_bound":0.0005836623779980672},"point_estimate":-0.0010772504276455042,"standard_error":0.000889049193252901}}