{"mean":{"confidence_interval":{"confidence_level":0.95,"lower_bound":5166727.6978,"upper_bound":5187700.3461},"point_estimate":5176900.388,"standard_error":5356.028592814385},"median":{"confidence_interval":{"confidence_level":0.95,"lower_bound":5114869.5,"upper_bound":5121787.5},"point_estimate":5117212.5,"standard_error":1880.8378815485937},"median_abs_dev":{"confidence_interval":{"confidence_level":0.95,"lower_bound":50617.40863636136,"upper_bound":63638.37997019291},"point_estimate":57425.54478049278,"standard_error":3191.4226183161804},"slope":null,"std_dev":{"confidence_interval":{"confidence_level":0.95,"lower_bound":142559.22039373248,"upper_bound":194069.645911683},"point_estimate":168731.5877653062,"standard_error":13118.361440814915}}