{"mean":{"confidence_interval":{"confidence_level":0.95,"lower_bound":24553.30817701005,"upper_bound":24744.804331658303},"point_estimate":24647.50892462311,"standard_error":48.91463344687509},"median":{"confidence_interval":{"confidence_level":0.95,"lower_bound":23823.587939698493,"upper_bound":24049.28391959799},"point_estimate":23962.806532663315,"standard_error":59.89988346663978},"median_abs_dev":{"confidence_interval":{"confidence_level":0.95,"lower_bound":584.9527418763212,"upper_bound":892.1266888475174},"point_estimate":779.7134816347044,"standard_error":79.35017762063337},"slope":null,"std_dev":{"confidence_interval":{"confidence_level":0.95,"lower_bound":1425.0056255062,"upper_bound":1665.1998187274762},"point_estimate":1545.8678083929822,"standard_error":61.397047990770396}}