{"mean":{"confidence_interval":{"confidence_level":0.95,"lower_bound":5247361.939774999,"upper_bound":5293192.8372},"point_estimate":5269598.123,"standard_error":11692.511239550544},"median":{"confidence_interval":{"confidence_level":0.95,"lower_bound":5132236.5,"upper_bound":5149010.5},"point_estimate":5146138.0,"standard_error":4539.7668353688905},"median_abs_dev":{"confidence_interval":{"confidence_level":0.95,"lower_bound":64855.59454858303,"upper_bound":94333.38852524757},"point_estimate":73300.48399865627,"standard_error":7430.944251728046},"slope":null,"std_dev":{"confidence_interval":{"confidence_level":0.95,"lower_bound":319775.4815117645,"upper_bound":418093.4763980855},"point_estimate":370197.01871519926,"standard_error":25174.51688576484}}