{"mean":{"confidence_interval":{"confidence_level":0.95,"lower_bound":40905.70065065213,"upper_bound":41098.730998478204},"point_estimate":40998.2378260869,"standard_error":49.34321508627813},"median":{"confidence_interval":{"confidence_level":0.95,"lower_bound":40418.51304347826,"upper_bound":40541.91739130435},"point_estimate":40497.19565217391,"standard_error":37.036573680901},"median_abs_dev":{"confidence_interval":{"confidence_level":0.95,"lower_bound":291.9497191646783,"upper_bound":519.1301246531609},"point_estimate":338.7805400724021,"standard_error":59.44929113013486},"slope":null,"std_dev":{"confidence_interval":{"confidence_level":0.95,"lower_bound":1249.5748498783353,"upper_bound":1898.7413039477028},"point_estimate":1557.7043451966827,"standard_error":167.50215335059156}}