{"mean":{"confidence_interval":{"confidence_level":0.95,"lower_bound":1288629.39128125,"upper_bound":1294740.8606062501},"point_estimate":1291419.79875,"standard_error":1566.656597690392},"median":{"confidence_interval":{"confidence_level":0.95,"lower_bound":1278275.0,"upper_bound":1278954.25},"point_estimate":1278441.75,"standard_error":174.58345047886036},"median_abs_dev":{"confidence_interval":{"confidence_level":0.95,"lower_bound":13641.027074698359,"upper_bound":14667.36153960228},"point_estimate":13982.585676759481,"standard_error":265.18113662809077},"slope":null,"std_dev":{"confidence_interval":{"confidence_level":0.95,"lower_bound":32066.16493889574,"upper_bound":70469.05814636151},"point_estimate":49577.92718848019,"standard_error":11105.252871598821}}