{"mean":{"confidence_interval":{"confidence_level":0.95,"lower_bound":1067599.6646500004,"upper_bound":1073038.1932700016},"point_estimate":1070155.7836000004,"standard_error":1385.656850277264},"median":{"confidence_interval":{"confidence_level":0.95,"lower_bound":1059182.1,"upper_bound":1059940.0},"point_estimate":1059604.0,"standard_error":192.2884998793262},"median_abs_dev":{"confidence_interval":{"confidence_level":0.95,"lower_bound":10114.593540430336,"upper_bound":11204.008001089096},"point_estimate":10642.54739105691,"standard_error":283.1587825890202},"slope":null,"std_dev":{"confidence_interval":{"confidence_level":0.95,"lower_bound":31566.14957773273,"upper_bound":56699.50216125834},"point_estimate":43949.277498230935,"standard_error":6504.0063396230635}}